target,status,elapsed_seconds,coordinate_count,log
range-benchmark-sol-3d,exit-127,0,0,range-benchmark-sol-3d.txt
range-benchmark-sol-6d,exit-127,0,0,range-benchmark-sol-6d.txt
range-benchmark-mass-3d,exit-127,0,0,range-benchmark-mass-3d.txt
range-benchmark-mass-4d,exit-127,0,0,range-benchmark-mass-4d.txt
range-benchmark-mass-5d,exit-127,0,0,range-benchmark-mass-5d.txt
range-benchmark-mass-6d,exit-127,0,0,range-benchmark-mass-6d.txt
range-benchmark-advection-3d,exit-127,0,0,range-benchmark-advection-3d.txt
range-benchmark-advection-4d,exit-127,0,0,range-benchmark-advection-4d.txt
range-benchmark-advection-5d,exit-127,0,0,range-benchmark-advection-5d.txt
range-benchmark-advection-6d,exit-127,0,0,range-benchmark-advection-6d.txt
range-benchmark-advection-p-adaptivity-3d,exit-127,0,0,range-benchmark-advection-p-adaptivity-3d.txt
range-benchmark-advection-p-adaptivity-4d,exit-127,0,0,range-benchmark-advection-p-adaptivity-4d.txt
range-benchmark-advection-p-adaptivity-5d,exit-127,0,0,range-benchmark-advection-p-adaptivity-5d.txt
range-benchmark-advection-p-adaptivity-6d,exit-127,0,0,range-benchmark-advection-p-adaptivity-6d.txt
range-benchmark-advection-h-adaptivity-3d,exit-127,0,0,range-benchmark-advection-h-adaptivity-3d.txt
range-benchmark-advection-h-adaptivity-4d,exit-127,0,0,range-benchmark-advection-h-adaptivity-4d.txt
range-benchmark-advection-h-adaptivity-5d,exit-127,0,0,range-benchmark-advection-h-adaptivity-5d.txt
range-benchmark-advection-h-adaptivity-6d,exit-127,0,0,range-benchmark-advection-h-adaptivity-6d.txt
